id,name,email,password,created_at,updated_at
1,Anetta Fowell,afowell0@goo.ne.jp,vpQBZ1N40S,2017-09-10 18:25:09,2017-12-18 08:45:36
2,Dasya Officer,dofficer1@china.com.cn,J3XenvfkoQD9,2017-07-21 16:47:58,2017-09-19 15:05:46
3,Dewain Sconce,dsconce2@canalblog.com,hY5leoX,2018-02-14 02:12:26,2018-01-31 10:09:46
4,Isidore Meaker,imeaker3@wiley.com,moDh7loyk,2018-01-13 01:39:55,2017-07-02 11:33:23
5,Blaire Carress,bcarress4@github.com,5QvLKXjLcxZ,2018-04-14 13:44:36,2018-04-07 15:34:39
6,Hugh Thelwll,hthelwll5@google.com.br,CneiqOhNCUr,2018-04-06 08:14:17,2018-01-10 23:25:23
7,Silvano Yitzhakov,syitzhakov6@istockphoto.com,Nfhd6ZvA,2018-04-10 08:07:53,2017-10-05 06:46:37
8,Zebedee Tredinnick,ztredinnick7@youtu.be,PTtrk3bLNUNr,2017-08-06 02:23:39,2017-09-27 05:07:30
9,Rena Godleman,rgodleman8@chronoengine.com,HGeBIUrfxCY,2018-04-12 18:04:31,2017-10-27 01:19:16
10,Lesley Gurdon,lgurdon9@ocn.ne.jp,kukzr1Eo,2018-04-07 03:58:38,2017-10-21 12:35:00
11,Wilhelmina Lermouth,wlermoutha@cmu.edu,elle1nWU,2017-10-21 12:53:11,2018-04-05 16:14:31
12,Siward Crone,scroneb@feedburner.com,CBgKtdJIc,2017-11-26 04:23:19,2018-03-03 10:41:01
13,Elsworth Gavaran,egavaranc@nsw.gov.au,lyAz3NF7wer,2017-09-27 14:16:34,2018-05-05 16:35:12
14,Bobette Bimson,bbimsond@sakura.ne.jp,wHD51g0Z2zUQ,2017-10-31 11:40:15,2018-02-23 20:40:59
15,Humfrey Thumann,hthumanne@indiegogo.com,IE6NXj1KlORb,2017-10-01 15:36:26,2018-04-26 07:07:26
16,Ingrim Karoly,ikarolyf@marriott.com,H7ST48Sg,2017-11-24 05:14:11,2018-03-26 13:20:39
17,Jonathan Oscroft,joscroftg@delicious.com,9AAZCl,2017-10-15 17:16:16,2018-05-11 02:19:18
18,Alexandre Nutbean,anutbeanh@t-online.de,MRMcWNCG,2018-04-13 09:40:27,2017-11-18 01:44:01
19,Kristopher Blakesley,kblakesleyi@hud.gov,yQtUAGoNvcnC,2017-07-20 09:54:58,2018-04-07 21:56:44
20,Pascal Stevens,pstevensj@baidu.com,A9Ggc4e,2017-09-03 06:07:48,2017-09-05 22:10:32
21,Eolanda Burgett,eburgettk@columbia.edu,14jFBxq,2017-07-12 04:41:09,2017-09-10 23:39:21
22,Lissi Ruffy,lruffyl@skype.com,H10bl1icZ3,2018-01-03 18:56:32,2018-03-07 12:33:47
23,Rosette McMennum,rmcmennumm@usatoday.com,r35IJYrx,2018-04-23 08:33:38,2017-06-23 23:20:11
24,Eldredge Rivallant,erivallantn@clickbank.net,zjubhG,2017-09-17 22:36:22,2017-08-05 08:07:15
25,Lacie Mallett,lmalletto@wufoo.com,YJgguK,2018-01-06 23:18:50,2018-01-16 21:40:17
26,Jelene Woolfitt,jwoolfittp@seesaa.net,etfIPAKLZZwQ,2017-07-23 00:01:31,2017-09-10 20:50:42
27,Ashlee Ritmeyer,aritmeyerq@slate.com,92aF7BOV,2018-01-24 21:57:52,2017-06-09 20:39:16
28,Tiebout Dillamore,tdillamorer@opera.com,2qjoOFKA,2018-05-27 17:24:23,2018-01-31 21:48:04
29,Kellsie Hamson,khamsons@instagram.com,dlQHmMvcWRo3,2017-06-30 20:26:56,2017-11-21 06:31:39
30,Marga Jopp,mjoppt@xinhuanet.com,XrsoZo,2017-11-29 03:31:15,2018-02-12 03:40:24
31,Jori MacGaughey,jmacgaugheyu@salon.com,HzZUbWuy1,2018-01-24 14:11:25,2018-03-04 23:57:40
32,Forster Melross,fmelrossv@storify.com,jdtuKco3ULL,2017-08-29 19:18:49,2017-10-02 17:33:17
33,Ephraim Skinley,eskinleyw@cafepress.com,Th04xgyntjM,2017-08-20 22:49:08,2017-11-23 04:07:26
34,Mac Todari,mtodarix@nhs.uk,KaUOgOl,2018-01-04 11:20:42,2017-06-12 01:39:45
35,Doug Kobpa,dkobpay@ibm.com,IDaFIBKLjZl,2017-06-23 08:14:26,2017-07-01 22:27:44
36,Julius Franceschi,jfranceschiz@redcross.org,iZ1sb9g,2017-10-31 03:21:59,2018-05-05 02:39:35
37,Irene Brunsdon,ibrunsdon10@mail.ru,iQ0f5pa,2017-07-11 13:21:03,2018-01-13 21:01:10
38,Malinde Kleinmintz,mkleinmintz11@spiegel.de,dPg6qjTmPl,2018-03-19 20:56:53,2018-03-04 11:34:26
39,Alonzo MacGibbon,amacgibbon12@flavors.me,w0tOxVvQi,2018-05-07 06:08:07,2018-04-12 02:22:04
40,Leelah Putman,lputman13@woothemes.com,tL2fz4ICFaf,2017-06-09 14:39:20,2017-11-21 17:51:29
41,Liv Lade,llade14@angelfire.com,GJUVWkBmo,2017-07-13 18:18:30,2018-03-13 08:48:43
42,Dacey Gyurko,dgyurko15@amazon.de,doVkVHgUdh,2018-02-16 10:24:26,2017-07-07 21:23:59
43,Arte Bosher,abosher16@intel.com,iOsvjn4,2018-05-05 17:27:03,2018-03-12 16:14:06
44,Harvey Riggoll,hriggoll17@chicagotribune.com,jbOEASsHU,2018-04-14 00:35:10,2018-05-01 17:30:28
45,Gertrude Shotboulte,gshotboulte18@wikispaces.com,pCEaxOMw,2018-01-09 18:59:36,2018-05-10 20:20:02
46,Rheta O'Mara,romara19@eventbrite.com,WDd9Rzf8UtZ,2017-11-24 00:05:39,2018-05-19 18:53:26
47,Hayward Kennifeck,hkennifeck1a@xing.com,uU2kDFC2q,2018-01-13 02:57:07,2018-03-10 10:25:52
48,Claudine Suche,csuche1b@answers.com,qHJQtbkXPi,2018-06-03 14:11:30,2018-01-03 18:01:45
49,Marlin Perrat,mperrat1c@amazonaws.com,7FSNTR,2017-12-10 21:25:45,2017-09-01 04:31:26
50,Allard Fennick,afennick1d@europa.eu,ti1ueuvHzD,2017-06-23 11:17:02,2017-11-25 10:34:38
